Ward,RequestType,CrimeType,Correlation,UselessData
1,1,2,0.095063646,-0.229766878
1,1,3,0.141244331,-0.211481611
1,1,4,0.092825648,-0.230653014
1,1,1,0.237344245,-0.173430799
1,1,9,0.516439122,-0.062923034
1,1,6,0.670848708,-0.001784476
1,1,5,0.090517088,-0.23156709
1,1,7,0.656461784,-0.007480986
1,1,8,0.565482262,-0.043504376
2,1,2,0.77632993,0.03998087
2,1,3,0.698472218,0.009153068
2,1,4,0.577400132,-0.038785489
2,1,1,0.541217798,-0.053111904
2,1,9,0.690354313,0.005938779
2,1,6,0.824605843,0.059095744
2,1,5,0.428963517,-0.097559046
2,1,7,0.673603122,-0.000693864
2,1,8,0.737440648,0.024582638
3,1,2,0.039417891,-0.251799844
3,1,3,0.094125279,-0.230138425
3,1,4,0.194522831,-0.190385961
3,1,1,0.387477659,-0.113985394
3,1,9,0.471907227,-0.080555461
3,1,6,0.86728443,0.075994353
3,1,5,0.33274621,-0.13565634
3,1,7,0.629350587,-0.018215679
3,1,8,0.632003787,-0.017165143
4,1,2,0.263485586,-0.163080121
4,1,3,0.177285109,-0.197211246
4,1,4,0.231362632,-0.175799222
4,1,1,0.403393388,-0.107683552
4,1,9,0.476944317,-0.078561023
4,1,6,0.776241185,0.039945731
4,1,5,0.436784979,-0.094462134
4,1,7,0.655541217,-0.007845485
4,1,8,0.548767745,-0.050122498
5,1,2,0.298717582,-0.149129994
5,1,3,0.271345525,-0.159967974
5,1,4,0.314264456,-0.1429742
5,1,1,0.368222697,-0.121609406
5,1,9,0.388323991,-0.113650288
5,1,6,0.666137395,-0.003649923
5,1,5,0.343233908,-0.13150373
5,1,7,0.581476603,-0.037171408
5,1,8,0.563537795,-0.044274289
6,1,2,0.329641207,-0.136885768
6,1,3,0.092691278,-0.230706218
6,1,4,0.089554964,-0.231948043
6,1,1,0.250678198,-0.168151213
6,1,9,0.202006959,-0.187422616
6,1,6,0.915543579,0.095102589
6,1,5,0.138459477,-0.212584275
6,1,7,0.523467438,-0.060140168
6,1,8,0.573957742,-0.040148506
7,1,2,0.680492725,0.002034078
7,1,3,0.595017057,-0.031810058
7,1,4,0.589710175,-0.033911321
7,1,1,0.748030729,0.028775787
7,1,9,0.615267421,-0.023791916
7,1,6,0.697470847,0.008756574
7,1,5,0.574061273,-0.040107512
7,1,7,0.620509805,-0.021716191
7,1,8,0.689200034,0.005481741
8,1,2,0.376912661,-0.11816861
8,1,3,0.019651112,-0.259626511
8,1,4,0.209744602,-0.184358892
8,1,1,0.317813867,-0.141568809
8,1,9,0.324116405,-0.139073316
8,1,6,0.79576428,0.047675911
8,1,5,0.266405952,-0.161923801
8,1,7,0.592468683,-0.032819089
8,1,8,0.543915293,-0.052043829
9,1,2,0.559957439,-0.045691933
9,1,3,0.169361732,-0.200348511
9,1,4,0.285841013,-0.154228478
9,1,1,0.357524843,-0.125845227
9,1,9,0.389286616,-0.113269136
9,1,6,0.752360763,0.030490266
9,1,5,0.251948577,-0.167648206
9,1,7,0.553561094,-0.048224569
9,1,8,0.591641161,-0.033146746
10,1,2,0.471750475,-0.080617527
10,1,3,0.329324973,-0.137010981
10,1,4,0.41941898,-0.101338211
10,1,1,0.371926067,-0.120143055
10,1,9,0.453427437,-0.087872544
10,1,6,0.813040532,0.054516452
10,1,5,0.216012878,-0.181876965
10,1,7,0.561815233,-0.044956339
10,1,8,0.635293089,-0.015862742
11,1,2,0.243332077,-0.171059914
11,1,3,0.32449897,-0.138921839
11,1,4,0.139644875,-0.212114916
11,1,1,0.254806688,-0.166516536
11,1,9,0.579579318,-0.03792264
11,1,6,0.822657301,0.058324217
11,1,5,0.174741174,-0.198218519
11,1,7,0.570997453,-0.041320634
11,1,8,0.668715182,-0.002629247
12,1,2,0.32928215,-0.137027937
12,1,3,0.405483196,-0.106856092
12,1,4,0.318793717,-0.141180837
12,1,1,0.307586414,-0.145618375
12,1,9,0.535479841,-0.055383851
12,1,6,0.65217184,-0.009179592
12,1,5,0.344860539,-0.130859665
12,1,7,0.513360603,-0.064141975
12,1,8,0.621064274,-0.021496649
13,1,2,0.578102568,-0.03850736
13,1,3,0.558792528,-0.04615318
13,1,4,0.343931345,-0.13122758
13,1,1,0.664882597,-0.004146761
13,1,9,0.591467464,-0.033215522
13,1,6,0.824640892,0.059109621
13,1,5,0.473193326,-0.08004623
13,1,7,0.673639094,-0.000679621
13,1,8,0.555482938,-0.047463614
14,1,2,0.25089089,-0.168066998
14,1,3,0.306497849,-0.146049393
14,1,4,0.282141043,-0.155693483
14,1,1,0.229023949,-0.176725225
14,1,9,0.634288174,-0.016260639
14,1,6,0.712038465,0.01452463
14,1,5,0.131628039,-0.215289187
14,1,7,0.586441055,-0.035205731
14,1,8,0.603194572,-0.028572167
15,1,2,0.433654711,-0.095701565
15,1,3,0.146213138,-0.209514209
15,1,4,0,-0.267407379
15,1,1,0.204109638,-0.186590059
15,1,9,0.309073889,-0.145029408
15,1,6,0.735877842,0.023963844
15,1,5,0.082558932,-0.234718126
15,1,7,0.598282848,-0.030516967
15,1,8,0.648319138,-0.010705071
16,1,2,0.42874493,-0.097645596
16,1,3,0.128413688,-0.216561911
16,1,4,0.118382451,-0.220533785
16,1,1,0.251452378,-0.167844676
16,1,9,0.370285598,-0.1207926
16,1,6,0.705920316,0.012102146
16,1,5,0.165743486,-0.201781158
16,1,7,0.572725858,-0.040636271
16,1,8,0.630353527,-0.017818564
17,1,2,0.467345338,-0.082361744
17,1,3,0.151147702,-0.207560366
17,1,4,0.098286627,-0.228490737
17,1,1,0.270355465,-0.160359989
17,1,9,0.251245114,-0.167926743
17,1,6,0.769931706,0.03744749
17,1,5,0.20064277,-0.187962768
17,1,7,0.534694453,-0.055694826
17,1,8,0.505694997,-0.067177176
18,1,2,0.347695234,-0.129737266
18,1,3,0.405991691,-0.106654753
18,1,4,0.147797004,-0.208887077
18,1,1,0.2517022,-0.167745759
18,1,9,0.38002125,-0.116937763
18,1,6,0.781656368,0.042089876
18,1,5,0.099063723,-0.228183045
18,1,7,0.576646542,-0.039083874
18,1,8,0.565703911,-0.043416614
19,1,2,0.67963441,0.001694227
19,1,3,0.580690444,-0.037482688
19,1,4,0.568860235,-0.042166866
19,1,1,0.723362842,0.019008523
19,1,9,0.682777116,0.002938584
19,1,6,0.862210141,0.073985185
19,1,5,0.604079032,-0.028221965
19,1,7,0.722572261,0.018695492
19,1,8,0.654193871,-0.008378968
20,1,2,0.239999477,-0.172379459
20,1,3,0.141368817,-0.211432321
20,1,4,0.083272516,-0.234435582
20,1,1,0.250260362,-0.168316656
20,1,9,0.282279739,-0.155638566
20,1,6,0.761296057,0.0340282
20,1,5,0.189996313,-0.192178238
20,1,7,0.516400337,-0.062938391
20,1,8,0.639934496,-0.014024975
21,1,2,0.365353335,-0.122745531
21,1,3,0.054706096,-0.245746472
21,1,4,0.129826621,-0.21600246
21,1,1,0.330902311,-0.136386433
21,1,9,0.217343487,-0.18135011
21,1,6,0.936193438,0.103278911
21,1,5,0.247129557,-0.169556299
21,1,7,0.542899404,-0.052446071
21,1,8,0.555525869,-0.047446615
22,1,2,0.546465213,-0.051034187
22,1,3,0.409472995,-0.105276329
22,1,4,0.462918641,-0.084114497
22,1,1,0.524128398,-0.059878461
22,1,9,0.565595864,-0.043459396
22,1,6,0.874405823,0.078814072
22,1,5,0.499090418,-0.069792262
22,1,7,0.678499178,0.001244732
22,1,8,0.640572705,-0.013772275
23,1,2,0.755602745,0.03177393
23,1,3,0.739372402,0.025347517
23,1,4,0.544100398,-0.051970537
23,1,1,0.755721233,0.031820846
23,1,9,0.61641089,-0.023339159
23,1,6,0.767375578,0.03643539
23,1,5,0.460759291,-0.084969492
23,1,7,0.661005752,-0.0056818
23,1,8,0.52971339,-0.05766708
24,1,2,0.616743769,-0.023207355
24,1,3,0.393488974,-0.11160521
24,1,4,0.450368032,-0.089083917
24,1,1,0.483521358,-0.07595684
24,1,9,0.502079789,-0.068608619
24,1,6,0.864920291,0.075058271
24,1,5,0.495887561,-0.071060435
24,1,7,0.685658283,0.004079383
24,1,8,0.671227911,-0.00163433
25,1,2,0.353619762,-0.127391446
25,1,3,0.458114825,-0.08601657
25,1,4,0.27637356,-0.157977121
25,1,1,0.311818762,-0.143942575
25,1,9,0.666406861,-0.003543228
25,1,6,0.775912835,0.039815721
25,1,5,0.363860004,-0.123336817
25,1,7,0.640961786,-0.013618219
25,1,8,0.697017363,0.008577017
26,1,2,0.290503907,-0.152382202
26,1,3,0.21146944,-0.183675942
26,1,4,0.181257185,-0.195638501
26,1,1,0.279596968,-0.156700811
26,1,9,0.56432899,-0.043961015
26,1,6,0.844921669,0.067139806
26,1,5,0.241373734,-0.171835321
26,1,7,0.638380641,-0.014640224
26,1,8,0.609718026,-0.025989202
27,1,2,0.153680106,-0.206557659
27,1,3,0.154954532,-0.20605305
27,1,4,0.104720151,-0.22594338
27,1,1,0.355197901,-0.126766581
27,1,9,0.463764573,-0.08377955
27,1,6,0.858237658,0.072412279
27,1,5,0.222277709,-0.179396402
27,1,7,0.583940378,-0.036195876
27,1,8,0.657763856,-0.00696543
28,1,2,0.467136763,-0.082444329
28,1,3,0.218257396,-0.180988247
28,1,4,0.239208333,-0.172692712
28,1,1,0.35853716,-0.1254444
28,1,9,0.46858252,-0.081871881
28,1,6,0.634709867,-0.016093669
28,1,5,0.416622339,-0.102445542
28,1,7,0.634698467,-0.016098183
28,1,8,0.640836176,-0.013667954
29,1,2,0.37045905,-0.120723921
29,1,3,0.247825282,-0.169280827
29,1,4,0.194642081,-0.190338744
29,1,1,0.332530495,-0.135741753
29,1,9,0.470846015,-0.080975649
29,1,6,0.894205831,0.086653896
29,1,5,0.252186292,-0.167554083
29,1,7,0.584173615,-0.036103525
29,1,8,0.651383064,-0.009491908
30,1,2,0.312844581,-0.143536401
30,1,3,0.265598934,-0.16224334
30,1,4,0.175976613,-0.197729346
30,1,1,0.306059201,-0.146223075
30,1,9,0.45227215,-0.088329981
30,1,6,0.716926563,0.016460075
30,1,5,0.231598796,-0.175705713
30,1,7,0.644326031,-0.012286144
30,1,8,0.659694475,-0.006201
31,1,2,0.303233148,-0.147342053
31,1,3,0.400913308,-0.108665541
31,1,4,0.196203898,-0.189720341
31,1,1,0.250394181,-0.16826367
31,1,9,0.460928761,-0.084902391
31,1,6,0.698395142,0.009122549
31,1,5,0.180728602,-0.195847793
31,1,7,0.602648823,-0.028788257
31,1,8,0.631714595,-0.017279649
32,1,2,0.71446844,0.01548678
32,1,3,0.703029402,0.010957487
32,1,4,0.490411068,-0.073228856
32,1,1,0.562584552,-0.044651726
32,1,9,0.613568714,-0.02446452
32,1,6,0.708293584,0.013041843
32,1,5,0.481140069,-0.076899712
32,1,7,0.595316503,-0.031691493
32,1,8,0.654437722,-0.008282414
33,1,2,0.245782955,-0.170089487
33,1,3,0.428798611,-0.097624341
33,1,4,0.225143116,-0.178261842
33,1,1,0.325488071,-0.138530204
33,1,9,0.581124497,-0.037310825
33,1,6,0.685488373,0.004012107
33,1,5,0.301249819,-0.148127353
33,1,7,0.545211499,-0.051530596
33,1,8,0.606882582,-0.027111898
34,1,2,0.308297635,-0.145336766
34,1,3,0.142427362,-0.211013189
34,1,4,0.067187474,-0.240804463
34,1,1,0.353414721,-0.127472632
34,1,9,0.402737315,-0.107943325
34,1,6,0.800713651,0.049635617
34,1,5,0.2018719,-0.187476093
34,1,7,0.513199633,-0.064205711
34,1,8,0.58774996,-0.03468747
35,1,2,0.747781178,0.028676976
35,1,3,0.791909055,0.046149433
35,1,4,0.573032531,-0.040514843
35,1,1,0.723834827,0.019195406
35,1,9,0.734349945,0.023358873
35,1,6,0.828588442,0.060672656
35,1,5,0.652267327,-0.009141784
35,1,7,0.653419001,-0.008685778
35,1,8,0.602296805,-0.028927638
36,1,2,0.291271356,-0.152078331
36,1,3,0.530650082,-0.057296197
36,1,4,0.217181,-0.181414447
36,1,1,0.260984108,-0.164070583
36,1,9,0.420859096,-0.100767996
36,1,6,0.697454393,0.008750059
36,1,5,0.149036789,-0.208396183
36,1,7,0.605527285,-0.027648528
36,1,8,0.620514457,-0.021714349
37,1,2,0.38167857,-0.116281546
37,1,3,0.066190107,-0.241199371
37,1,4,0.225995699,-0.177924262
37,1,1,0.391088612,-0.112555635
37,1,9,0.47139883,-0.080756761
37,1,6,0.728129976,0.020896073
37,1,5,0.339899923,-0.132823824
37,1,7,0.606361514,-0.027318215
37,1,8,0.705850005,0.012074306
38,1,2,0.590858612,-0.033456597
38,1,3,0.574692427,-0.039857607
38,1,4,0.363796992,-0.123361766
38,1,1,0.548748114,-0.050130271
38,1,9,0.499151155,-0.069768214
38,1,6,0.807295288,0.05224162
38,1,5,0.409967949,-0.105080351
38,1,7,0.673533448,-0.000721452
38,1,8,0.672984194,-0.000938929
39,1,2,0.599584584,-0.030001544
39,1,3,0.608810332,-0.026348604
39,1,4,0.549932049,-0.049661491
39,1,1,0.509601446,-0.065630415
39,1,9,0.526600724,-0.058899542
39,1,6,0.792117268,0.046231875
39,1,5,0.4785305,-0.077932973
39,1,7,0.680508432,0.002040297
39,1,8,0.628477166,-0.01856151
40,1,2,0.57946662,-0.037967262
40,1,3,0.525709019,-0.059252613
40,1,4,0.659562022,-0.006253445
40,1,1,0.48525329,-0.07527108
40,1,9,0.626451085,-0.019363738
40,1,6,0.824384456,0.059008085
40,1,5,0.474817941,-0.079402962
40,1,7,0.656409807,-0.007501567
40,1,8,0.620105769,-0.02187617
41,1,2,0.400535614,-0.108815089
41,1,3,1,0.128543154
41,1,4,0.457878153,-0.086110281
41,1,1,0.411122672,-0.104623138
41,1,9,0.753954771,0.031121414
41,1,6,0.74992325,0.029525131
41,1,5,0.329325155,-0.137010909
41,1,7,0.677526209,0.000859484
41,1,8,0.63608102,-0.015550761
42,1,2,0.46706708,-0.08247192
42,1,3,0.603147199,-0.028590924
42,1,4,0.427078205,-0.098305537
42,1,1,0.633909709,-0.016410492
42,1,9,0.534856267,-0.055630755
42,1,6,0.926433235,0.099414354
42,1,5,0.471738234,-0.080622374
42,1,7,0.682176505,0.002700771
42,1,8,0.680406766,0.002000042
43,1,2,0.423326439,-0.09979105
43,1,3,0.543691115,-0.052132593
43,1,4,0.433964536,-0.09557889
43,1,1,0.410688513,-0.104795044
43,1,9,0.627359325,-0.01900412
43,1,6,0.671696697,-0.001448714
43,1,5,0.35305697,-0.127614284
43,1,7,0.627022677,-0.019137416
43,1,8,0.670338471,-0.001986504
44,1,2,0.586601233,-0.035142309
44,1,3,0.596251257,-0.031321377
44,1,4,0.439850804,-0.093248219
44,1,1,0.501475575,-0.068847858
44,1,9,0.666431143,-0.003533613
44,1,6,0.540799661,-0.053277465
44,1,5,0.546872803,-0.050872801
44,1,7,0.6377521,-0.014889095
44,1,8,0.66019047,-0.006004611
45,1,2,0.438090346,-0.093945273
45,1,3,0.550528612,-0.049425282
45,1,4,0.319695587,-0.140823741
45,1,1,0.573335012,-0.040395076
45,1,9,0.620245806,-0.021820722
45,1,6,0.753042872,0.030760347
45,1,5,0.256968013,-0.165660758
45,1,7,0.626440395,-0.019367971
45,1,8,0.541978954,-0.052810524
46,1,2,0.385832941,-0.114636621
46,1,3,0.337642316,-0.133717725
46,1,4,0.308191758,-0.145378689
46,1,1,0.414695666,-0.103208409
46,1,9,0.566776145,-0.042992063
46,1,6,0.681363151,0.002378723
46,1,5,0.488962497,-0.073802418
46,1,7,0.604047621,-0.028234402
46,1,8,0.629756061,-0.018055131
47,1,2,0.278079915,-0.157301489
47,1,3,0.486466188,-0.074790833
47,1,4,0.278398833,-0.157175213
47,1,1,0.298308866,-0.149291825
47,1,9,0.535734929,-0.055282849
47,1,6,0.750423614,0.02972325
47,1,5,0.241985971,-0.171592905
47,1,7,0.632299724,-0.017047967
47,1,8,0.641042016,-0.013586452
48,1,2,0.710505065,0.01391748
48,1,3,0.601398457,-0.02928334
48,1,4,0.538357502,-0.054244439
48,1,1,0.502442459,-0.06846502
48,1,9,0.602405361,-0.028884656
48,1,6,0.758399554,0.032881328
48,1,5,0.612204197,-0.025004801
48,1,7,0.700081161,0.009790129
48,1,8,0.672632642,-0.001078126
49,1,2,0.550841838,-0.04930126
49,1,3,0.420389531,-0.10095392
49,1,4,0.523607477,-0.06008472
49,1,1,0.535922643,-0.055208523
49,1,9,0.622567813,-0.020901322
49,1,6,0.734725777,0.023507684
49,1,5,0.404815367,-0.107120519
49,1,7,0.679030481,0.001455101
49,1,8,0.65281977,-0.008923044
50,1,2,0.6825647,0.002854477
50,1,3,0.656420007,-0.007497528
50,1,4,0.556800237,-0.046942029
50,1,1,0.559107453,-0.046028485
50,1,9,0.61810472,-0.022668486
50,1,6,0.80129273,0.049864904
50,1,5,0.446283972,-0.090701003
50,1,7,0.730573014,0.021863395
50,1,8,0.775965908,0.039836736
1,2,2,4.50E-01,-1.23E-07
1,2,3,5.00E-01,0.012545847
1,2,4,2.66E-01,-0.046460595
1,2,1,5.43E-01,0.023593261
1,2,9,4.06E-01,-0.011114933
1,2,6,5.35E-01,0.021597494
1,2,5,5.23E-01,0.018557291
1,2,7,5.29E-01,0.019873779
1,2,8,4.22E-01,-0.007063852
2,2,2,6.40E-01,0.048083127
2,2,3,7.85E-01,0.084673725
2,2,4,4.12E-01,-0.009503307
2,2,1,7.23E-01,0.068988556
2,2,9,7.41E-01,0.073653175
2,2,6,5.61E-01,0.028070299
2,2,5,4.25E-01,-0.006300056
2,2,7,3.66E-01,-0.021166825
2,2,8,5.71E-01,0.030618793
3,2,2,5.36E-01,0.021789964
3,2,3,6.60E-01,0.053017007
3,2,4,4.96E-01,0.011624099
3,2,1,6.94E-01,0.061806705
3,2,9,4.39E-01,-0.002708056
3,2,6,5.01E-01,0.012963689
3,2,5,6.28E-01,0.045129934
3,2,7,4.54E-01,0.001116636
3,2,8,3.27E-01,-0.030994484
4,2,2,4.25E-01,-0.006207772
4,2,3,2.99E-01,-0.038154783
4,2,4,3.94E-01,-0.014235025
4,2,1,6.44E-01,0.049084908
4,2,9,4.31E-01,-0.004853444
4,2,6,7.42E-01,0.073971963
4,2,5,5.12E-01,0.01560433
4,2,7,7.50E-01,0.075906674
4,2,8,4.19E-01,-0.007699105
5,2,2,4.53E-01,0.000782497
5,2,3,5.31E-01,0.020480179
5,2,4,2.97E-01,-0.038715532
5,2,1,7.03E-01,0.063906618
5,2,9,4.76E-01,0.006500263
5,2,6,7.92E-01,0.086382508
5,2,5,4.94E-01,0.01113453
5,2,7,3.60E-01,-0.022650529
5,2,8,5.75E-01,0.031720318
6,2,2,7.34E-01,0.071845325
6,2,3,6.89E-01,0.060525176
6,2,4,5.25E-01,0.019054606
6,2,1,9.39E-01,0.123741615
6,2,9,7.12E-01,0.06626593
6,2,6,4.48E-01,-0.000411386
6,2,5,3.76E-01,-0.018561368
6,2,7,5.01E-01,0.012993459
6,2,8,4.67E-01,0.004321384
7,2,2,6.32E-01,0.04601306
7,2,3,4.29E-01,-0.005295158
7,2,4,3.83E-01,-0.016838549
7,2,1,8.99E-01,0.113629488
7,2,9,7.17E-01,0.067489169
7,2,6,7.74E-01,0.082063227
7,2,5,4.71E-01,0.005334354
7,2,7,3.91E-01,-0.014848461
7,2,8,3.53E-01,-0.024383489
8,2,2,6.35E-01,0.046899105
8,2,3,5.72E-01,0.030955911
8,2,4,4.80E-01,0.007702127
8,2,1,7.47E-01,0.075132069
8,2,9,4.23E-01,-0.006789389
8,2,6,6.75E-01,0.056856578
8,2,5,4.41E-01,-0.002287121
8,2,7,3.77E-01,-0.01841628
8,2,8,5.15E-01,0.016555519
9,2,2,5.65E-01,0.029028643
9,2,3,4.38E-01,-0.003060021
9,2,4,6.13E-01,0.041196332
9,2,1,6.53E-01,0.051416453
9,2,9,4.49E-01,-0.000104137
9,2,6,7.03E-01,0.064075142
9,2,5,3.63E-01,-0.021933765
9,2,7,3.38E-01,-0.028228879
9,2,8,3.64E-01,-0.02173032
10,2,2,2.53E-01,-0.049848961
10,2,3,1.25E-01,-0.082194171
10,2,4,1.04E-01,-0.087349543
10,2,1,3.35E-01,-0.028945787
10,2,9,1.74E-01,-0.06980892
10,2,6,6.41E-01,0.04838489
10,2,5,0.00E+00,-0.113737967
10,2,7,3.14E-01,-0.034352464
10,2,8,3.32E-01,-0.029777788
11,2,2,5.36E-01,0.021655565
11,2,3,8.52E-01,0.101630012
11,2,4,3.96E-01,-0.013676405
11,2,1,7.35E-01,0.072186046
11,2,9,5.47E-01,0.024553827
11,2,6,7.82E-01,0.083847588
11,2,5,5.01E-01,0.012967493
11,2,7,2.97E-01,-0.038753623
11,2,8,5.03E-01,0.013429423
12,2,2,5.52E-01,0.025933753
12,2,3,3.56E-01,-0.023614968
12,2,4,1.73E-01,-0.070002421
12,2,1,3.96E-01,-0.013699066
12,2,9,5.62E-01,0.028374328
12,2,6,6.23E-01,0.04374366
12,2,5,4.88E-01,0.009638937
12,2,7,4.81E-01,0.007788278
12,2,8,3.78E-01,-0.018151911
13,2,2,5.02E-01,0.013210977
13,2,3,5.61E-01,0.028121584
13,2,4,3.18E-01,-0.033401431
13,2,1,6.26E-01,0.044434374
13,2,9,4.60E-01,0.00257352
13,2,6,5.79E-01,0.032613039
13,2,5,3.47E-01,-0.026026448
13,2,7,3.96E-01,-0.013533331
13,2,8,3.67E-01,-0.020946621
14,2,2,7.56E-01,0.077362262
14,2,3,7.08E-01,0.065285888
14,2,4,4.87E-01,0.009311836
14,2,1,6.64E-01,0.054135443
14,2,9,7.17E-01,0.067626228
14,2,6,3.95E-01,-0.013755465
14,2,5,6.04E-01,0.039050845
14,2,7,4.11E-01,-0.009941776
14,2,8,4.25E-01,-0.006344756
15,2,2,8.95E-01,0.112494142
15,2,3,8.36E-01,0.097671504
15,2,4,7.04E-01,0.064231742
15,2,1,8.21E-01,0.093790059
15,2,9,5.29E-01,0.019899147
15,2,6,7.55E-01,0.077106508
15,2,5,6.89E-01,0.060529525
15,2,7,4.91E-01,0.010282701
15,2,8,5.51E-01,0.025663234
16,2,2,6.64E-01,0.054218592
16,2,3,3.93E-01,-0.014483282
16,2,4,5.90E-01,0.035525628
16,2,1,6.05E-01,0.039279367
16,2,9,5.05E-01,0.013866641
16,2,6,4.93E-01,0.011001643
16,2,5,4.32E-01,-0.00454379
16,2,7,4.07E-01,-0.010755596
16,2,8,5.20E-01,0.017745454
17,2,2,7.12E-01,0.066347986
17,2,3,6.92E-01,0.061324084
17,2,4,4.28E-01,-0.005573657
17,2,1,7.90E-01,0.085894206
17,2,9,6.73E-01,0.056433571
17,2,6,6.01E-01,0.038298511
17,2,5,6.07E-01,0.039759479
17,2,7,3.58E-01,-0.023179068
17,2,8,6.08E-01,0.040038173
18,2,2,6.16E-01,0.041904457
18,2,3,6.97E-01,0.062551478
18,2,4,5.46E-01,0.024345604
18,2,1,1.00E+00,0.139072141
18,2,9,6.44E-01,0.049093226
18,2,6,6.22E-01,0.04353146
18,2,5,2.90E-01,-0.040449276
18,2,7,3.96E-01,-0.013562728
18,2,8,2.96E-01,-0.03892925
19,2,2,7.39E-01,0.073060945
19,2,3,5.91E-01,0.035605227
19,2,4,3.15E-01,-0.033991896
19,2,1,6.04E-01,0.038965206
19,2,9,5.06E-01,0.014175515
19,2,6,6.10E-01,0.040506522
19,2,5,2.10E-01,-0.060666473
19,2,7,4.84E-01,0.008688269
19,2,8,4.54E-01,0.000956724
20,2,2,5.31E-01,0.020433676
20,2,3,2.48E-01,-0.050958207
20,2,4,4.11E-01,-0.009889666
20,2,1,5.64E-01,0.028855822
20,2,9,3.13E-01,-0.034650284
20,2,6,5.95E-01,0.036663098
20,2,5,3.94E-01,-0.014172868
20,2,7,5.24E-01,0.01880529
20,2,8,3.80E-01,-0.017656642
21,2,2,6.61E-01,0.0534819
21,2,3,4.95E-01,0.011470844
21,2,4,3.38E-01,-0.028414081
21,2,1,7.10E-01,0.065754947
21,2,9,6.74E-01,0.056596418
21,2,6,8.61E-01,0.103852448
21,2,5,3.25E-01,-0.031609403
21,2,7,5.20E-01,0.017650006
21,2,8,4.11E-01,-0.009882762
22,2,2,4.34E-01,-0.004122721
22,2,3,3.19E-01,-0.033018813
22,2,4,3.41E-01,-0.027456849
22,2,1,3.70E-01,-0.020147798
22,2,9,5.87E-01,0.034583954
22,2,6,5.96E-01,0.036860572
22,2,5,6.47E-01,0.04987056
22,2,7,5.03E-01,0.013547653
22,2,8,3.85E-01,-0.016356294
23,2,2,7.20E-01,0.068186113
23,2,3,8.04E-01,0.089462489
23,2,4,3.60E-01,-0.022751337
23,2,1,8.06E-01,0.089914651
23,2,9,4.56E-01,0.001573595
23,2,6,5.57E-01,0.027165707
23,2,5,4.61E-01,0.002760066
23,2,7,4.93E-01,0.010983962
23,2,8,2.47E-01,-0.051399124
24,2,2,6.63E-01,0.05398433
24,2,3,4.36E-01,-0.003444682
24,2,4,6.73E-01,0.056415036
24,2,1,8.91E-01,0.111516438
24,2,9,5.34E-01,0.02134635
24,2,6,5.48E-01,0.02488092
24,2,5,5.49E-01,0.025019432
24,2,7,3.60E-01,-0.022753884
24,2,8,3.48E-01,-0.025711231
25,2,2,3.07E-01,-0.036109159
25,2,3,3.61E-01,-0.022416032
25,2,4,1.57E-01,-0.074094868
25,2,1,5.40E-01,0.02274959
25,2,9,4.79E-01,0.007406519
25,2,6,5.90E-01,0.035538457
25,2,5,4.30E-01,-0.00511864
25,2,7,4.30E-01,-0.004957609
25,2,8,4.00E-01,-0.012623698
26,2,2,5.95E-01,0.036623961
26,2,3,6.86E-01,0.05963382
26,2,4,5.87E-01,0.03462253
26,2,1,6.44E-01,0.049042043
26,2,9,5.90E-01,0.035399674
26,2,6,6.19E-01,0.042840741
26,2,5,4.46E-01,-0.000914063
26,2,7,4.96E-01,0.011686229
26,2,8,3.52E-01,-0.024701715
27,2,2,5.77E-01,0.032070448
27,2,3,4.24E-01,-0.006570099
27,2,4,2.96E-01,-0.038983855
27,2,1,6.03E-01,0.038715351
27,2,9,4.71E-01,0.005320129
27,2,6,6.69E-01,0.055463332
27,2,5,4.40E-01,-0.002507312
27,2,7,3.47E-01,-0.025998872
27,2,8,4.29E-01,-0.005226148
28,2,2,5.17E-01,0.016948544
28,2,3,3.99E-01,-0.012914621
28,2,4,5.46E-01,0.024409067
28,2,1,7.92E-01,0.086578096
28,2,9,5.93E-01,0.036259897
28,2,6,6.79E-01,0.058008353
28,2,5,5.06E-01,0.014140231
28,2,7,5.50E-01,0.025354486
28,2,8,5.31E-01,0.020484677
29,2,2,6.97E-01,0.062513645
29,2,3,6.39E-01,0.047792106
29,2,4,2.98E-01,-0.03829577
29,2,1,6.49E-01,0.050338978
29,2,9,5.63E-01,0.028633405
29,2,6,6.19E-01,0.042755014
29,2,5,3.58E-01,-0.023270137
29,2,7,4.49E-01,-0.00029516
29,2,8,4.51E-01,0.000180755
30,2,2,7.74E-01,0.082016988
30,2,3,6.38E-01,0.047597752
30,2,4,2.31E-01,-0.055418753
30,2,1,6.00E-01,0.03785573
30,2,9,5.76E-01,0.031866881
30,2,6,5.51E-01,0.025643278
30,2,5,3.92E-01,-0.014519354
30,2,7,3.81E-01,-0.017523868
30,2,8,4.00E-01,-0.01271581
31,2,2,5.96E-01,0.036969781
31,2,3,4.51E-01,0.000366499
31,2,4,2.09E-01,-0.060776771
31,2,1,4.56E-01,0.001530886
31,2,9,3.42E-01,-0.027318855
31,2,6,5.55E-01,0.026456994
31,2,5,4.17E-01,-0.008246322
31,2,7,4.13E-01,-0.009419151
31,2,8,3.89E-01,-0.015292127
32,2,2,6.13E-01,0.04119619
32,2,3,5.79E-01,0.03259953
32,2,4,1.44E-01,-0.077372184
32,2,1,6.64E-01,0.054178778
32,2,9,3.36E-01,-0.028769583
32,2,6,7.74E-01,0.082030112
32,2,5,3.51E-01,-0.025062888
32,2,7,4.10E-01,-0.010182277
32,2,8,4.77E-01,0.006735651
33,2,2,3.67E-01,-0.02090284
33,2,3,3.10E-01,-0.035435405
33,2,4,4.93E-01,0.010907718
33,2,1,5.01E-01,0.012842609
33,2,9,4.12E-01,-0.009564056
33,2,6,6.36E-01,0.04706936
33,2,5,4.97E-01,0.011898495
33,2,7,4.27E-01,-0.005875898
33,2,8,3.19E-01,-0.033196448
34,2,2,5.22E-01,0.018253197
34,2,3,4.17E-01,-0.008352478
34,2,4,4.59E-01,0.002390787
34,2,1,6.32E-01,0.046097358
34,2,9,6.34E-01,0.046576005
34,2,6,7.79E-01,0.083317527
34,2,5,4.64E-01,0.00345433
34,2,7,2.90E-01,-0.040375896
34,2,8,3.12E-01,-0.034766096
35,2,2,4.72E-01,0.005565234
35,2,3,4.26E-01,-0.006087282
35,2,4,3.76E-01,-0.018676665
35,2,1,7.31E-01,0.071131025
35,2,9,5.97E-01,0.037173947
35,2,6,5.51E-01,0.025643764
35,2,5,4.17E-01,-0.008389784
35,2,7,4.48E-01,-0.000547805
35,2,8,2.49E-01,-0.050706188
36,2,2,5.92E-01,0.036044351
36,2,3,5.67E-01,0.029652927
36,2,4,3.08E-01,-0.035785768
36,2,1,9.14E-01,0.117329738
36,2,9,6.84E-01,0.059060536
36,2,6,4.75E-01,0.006301123
36,2,5,5.06E-01,0.014118473
36,2,7,5.77E-01,0.032189925
36,2,8,3.48E-01,-0.025834795
37,2,2,4.46E-01,-0.001039119
37,2,3,1.86E-01,-0.066770415
37,2,4,3.33E-01,-0.029581363
37,2,1,3.99E-01,-0.012817859
37,2,9,5.97E-01,0.037247678
37,2,6,6.39E-01,0.047685129
37,2,5,5.48E-01,0.024814108
37,2,7,4.31E-01,-0.004870093
37,2,8,3.85E-01,-0.01636237
38,2,2,6.38E-01,0.047678619
38,2,3,5.12E-01,0.015676281
38,2,4,3.20E-01,-0.032959376
38,2,1,6.01E-01,0.038149637
38,2,9,3.89E-01,-0.015269148
38,2,6,7.99E-01,0.08820425
38,2,5,4.43E-01,-0.001794213
38,2,7,5.41E-01,0.023143867
38,2,8,3.81E-01,-0.017319545
39,2,2,6.78E-01,0.057734817
39,2,3,6.21E-01,0.04337837
39,2,4,2.76E-01,-0.043888238
39,2,1,6.89E-01,0.06044964
39,2,9,4.74E-01,0.006137756
39,2,6,5.24E-01,0.018642389
39,2,5,3.95E-01,-0.013980897
39,2,7,3.81E-01,-0.017437344
39,2,8,4.61E-01,0.002742675
40,2,2,7.49E-01,0.075555331
40,2,3,7.09E-01,0.065556889
40,2,4,4.27E-01,-0.005814638
40,2,1,5.46E-01,0.024171032
40,2,9,5.88E-01,0.03489751
40,2,6,3.90E-01,-0.015128023
40,2,5,6.35E-01,0.046834992
40,2,7,4.74E-01,0.006064312
40,2,8,4.46E-01,-0.001009059
41,2,2,3.33E-01,-0.029488687
41,2,3,6.84E-01,0.059169178
41,2,4,2.49E-01,-0.050696661
41,2,1,6.28E-01,0.044943569
41,2,9,4.80E-01,0.007551885
41,2,6,7.61E-01,0.078757265
41,2,5,6.84E-01,0.059074821
41,2,7,5.33E-01,0.021074909
41,2,8,3.62E-01,-0.022098702
42,2,2,5.63E-01,0.02865123
42,2,3,4.45E-01,-0.00129825
42,2,4,2.95E-01,-0.039060848
42,2,1,4.27E-01,-0.005779004
42,2,9,3.08E-01,-0.035946006
42,2,6,4.94E-01,0.011167883
42,2,5,3.89E-01,-0.015434707
42,2,7,3.85E-01,-0.016396576
42,2,8,4.04E-01,-0.01168023
43,2,2,5.03E-01,0.013437934
43,2,3,5.02E-01,0.013297698
43,2,4,1.58E-01,-0.073727626
43,2,1,4.14E-01,-0.008979945
43,2,9,5.05E-01,0.014055813
43,2,6,5.09E-01,0.014933087
43,2,5,2.39E-01,-0.053192981
43,2,7,4.31E-01,-0.004814057
43,2,8,5.53E-01,0.026003857
44,2,2,3.65E-01,-0.021371873
44,2,3,3.05E-01,-0.036710345
44,2,4,1.32E-01,-0.080486399
44,2,1,2.51E-01,-0.050200103
44,2,9,3.69E-01,-0.020376437
44,2,6,3.87E-01,-0.015958314
44,2,5,3.55E-01,-0.024009641
44,2,7,5.85E-01,0.034089553
44,2,8,5.22E-01,0.018311675
45,2,2,5.57E-01,0.027111352
45,2,3,4.92E-01,0.010660302
45,2,4,2.77E-01,-0.043734467
45,2,1,6.60E-01,0.053051421
45,2,9,4.91E-01,0.010446627
45,2,6,5.47E-01,0.024576022
45,2,5,5.09E-01,0.015011493
45,2,7,3.24E-01,-0.031927091
45,2,8,2.98E-01,-0.038443159
46,2,2,4.43E-01,-0.001792343
46,2,3,5.59E-01,0.027667967
46,2,4,4.94E-01,0.011142591
46,2,1,5.41E-01,0.023027642
46,2,9,6.20E-01,0.042986253
46,2,6,4.08E-01,-0.010563355
46,2,5,4.22E-01,-0.007146978
46,2,7,6.75E-01,0.056858644
46,2,8,4.75E-01,0.006380673
47,2,2,5.94E-01,0.036356987
47,2,3,6.58E-01,0.052561712
47,2,4,5.28E-01,0.019780502
47,2,1,7.42E-01,0.073839224
47,2,9,4.64E-01,0.003467573
47,2,6,5.87E-01,0.034640666
47,2,5,3.68E-01,-0.020718687
47,2,7,4.18E-01,-0.007985035
47,2,8,3.36E-01,-0.028742978
48,2,2,4.69E-01,0.004955991
48,2,3,4.09E-01,-0.010448469
48,2,4,4.24E-01,-0.006599351
48,2,1,5.99E-01,0.03780688
48,2,9,4.38E-01,-0.002994365
48,2,6,4.62E-01,0.003036777
48,2,5,4.46E-01,-0.001024645
48,2,7,3.53E-01,-0.024474689
48,2,8,4.84E-01,0.0087025
49,2,2,3.48E-01,-0.025825876
49,2,3,3.02E-01,-0.037315918
49,2,4,1.70E-01,-0.070664939
49,2,1,5.80E-01,0.032954672
49,2,9,5.30E-01,0.020244257
49,2,6,6.17E-01,0.042196927
49,2,5,3.33E-01,-0.029588589
49,2,7,3.74E-01,-0.019273739
49,2,8,4.67E-01,0.004249507
50,2,2,5.91E-01,0.035685962
50,2,3,5.57E-01,0.027092674
50,2,4,2.39E-01,-0.053343636
50,2,1,6.87E-01,0.060008517
50,2,9,5.41E-01,0.022966549
50,2,6,7.75E-01,0.082107368
50,2,5,5.94E-01,0.036377464
50,2,7,4.40E-01,-0.002566425
50,2,8,4.46E-01,-0.000884702
1,3,2,0.002023385,-0.263877195
1,3,3,0.089834911,-0.227670603
1,3,4,0.025474566,-0.254207766
1,3,1,0.259273129,-0.15780756
1,3,9,0.456185407,-0.076616368
1,3,6,0.636570282,-0.002239782
1,3,5,0.043406985,-0.246813842
1,3,7,0.559070619,-0.03419457
1,3,8,0.51744411,-0.05135808
2,3,2,0.802709487,0.066263006
2,3,3,0.541427829,-0.041469074
2,3,4,0.545489208,-0.039794479
2,3,1,0.709708499,0.027916687
2,3,9,0.577065962,-0.0267747
2,3,6,1,0.147610153
2,3,5,0.507735768,-0.055361039
2,3,7,0.697967705,0.023075704
2,3,8,0.800120258,0.065195411
3,3,2,0.744890643,0.042423047
3,3,3,0.723213096,0.033484925
3,3,4,0.691598977,0.02044974
3,3,1,0.787439693,0.05996694
3,3,9,0.630131411,-0.004894668
3,3,6,0.741048621,0.040838898
3,3,5,0.592761838,-0.020302951
3,3,7,0.574993994,-0.027629017
3,3,8,0.628034578,-0.005759237
4,3,2,0.72584834,0.034571493
4,3,3,0.56084632,-0.033462409
4,3,4,0.709592118,0.027868701
4,3,1,0.845359818,0.083848661
4,3,9,0.602425594,-0.016318375
4,3,6,0.831614046,0.078180982
4,3,5,0.634826126,-0.002958935
4,3,7,0.692728517,0.020915473
4,3,8,0.612747211,-0.012062549
5,3,2,0.728094404,0.035497594
5,3,3,0.726509771,0.034844215
5,3,4,0.691889323,0.020569455
5,3,1,0.860020401,0.089893536
5,3,9,0.678913896,0.015219406
5,3,6,0.695932006,0.022236341
5,3,5,0.724648486,0.034076767
5,3,7,0.659163265,0.007075794
5,3,8,0.630052183,-0.004927335
6,3,2,0.752507496,0.04556364
6,3,3,0.729823493,0.036210535
6,3,4,0.706711541,0.026680977
6,3,1,0.9722934,0.136186123
6,3,9,0.649249314,0.002988057
6,3,6,0.800939931,0.06553338
6,3,5,0.679355016,0.01540129
6,3,7,0.678086663,0.01487832
6,3,8,0.657095069,0.006223032
7,3,2,0.73595642,0.038739273
7,3,3,0.744507749,0.042265171
7,3,4,0.681134108,0.016134848
7,3,1,0.79322414,0.062351993
7,3,9,0.733709702,0.037812903
7,3,6,0.766640705,0.051391067
7,3,5,0.629720081,-0.005064268
7,3,7,0.740310426,0.040534524
7,3,8,0.568170918,-0.030442319
8,3,2,0.783394215,0.058298902
8,3,3,0.816031192,0.071755834
8,3,4,0.729209339,0.035957305
8,3,1,0.996875195,0.146321729
8,3,9,0.735534209,0.038565186
8,3,6,0.719796727,0.032076282
8,3,5,0.752761327,0.0456683
8,3,7,0.670213623,0.011632096
8,3,8,0.646734328,0.001951074
9,3,2,0.730196669,0.036364403
9,3,3,0.699304658,0.023626959
9,3,4,0.686052416,0.018162772
9,3,1,0.685181726,0.017803768
9,3,9,0.57635106,-0.02706947
9,3,6,0.706706739,0.026678997
9,3,5,0.566323076,-0.031204225
9,3,7,0.565254111,-0.031644982
9,3,8,0.707334112,0.026937676
10,3,2,0.620660443,-0.008799753
10,3,3,0.762917655,0.049855974
10,3,4,0.642364569,0.000149328
10,3,1,0.908563064,0.109908726
10,3,9,0.751863616,0.045298154
10,3,6,0.792625294,0.062105076
10,3,5,0.706963619,0.026784914
10,3,7,0.608739228,-0.013715128
10,3,8,0.599514943,-0.0175185
11,3,2,0.821794818,0.074132301
11,3,3,0.775514798,0.055050048
11,3,4,0.532689426,-0.045072106
11,3,1,0.908687185,0.109959904
11,3,9,0.846399309,0.084277265
11,3,6,0.813766644,0.070822112
11,3,5,0.53275167,-0.045046442
11,3,7,0.669808063,0.011464874
11,3,8,0.675700741,0.013894553
12,3,2,0.296798527,-0.142335027
12,3,3,0.376202378,-0.109595101
12,3,4,0.215836091,-0.175717591
12,3,1,0.24902509,-0.162033049
12,3,9,0.475898023,-0.06848843
12,3,6,0.635667201,-0.002612142
12,3,5,0.303175095,-0.13970583
12,3,7,0.540167498,-0.041988735
12,3,8,0.590599867,-0.021194378
13,3,2,0.403894897,-0.098176877
13,3,3,0.518723042,-0.050830748
13,3,4,0.296576044,-0.142426761
13,3,1,0.485487094,-0.064534649
13,3,9,0.520203573,-0.050220293
13,3,6,0.679865761,0.015611881
13,3,5,0.191975097,-0.185555995
13,3,7,0.672025906,0.012379339
13,3,8,0.621372642,-0.008506098
14,3,2,0.270580918,-0.153145114
14,3,3,0.327081034,-0.129848894
14,3,4,0.217776372,-0.174917571
14,3,1,0.31881238,-0.133258239
14,3,9,0.665833009,0.009825874
14,3,6,0.674641862,0.013457954
14,3,5,0.096969048,-0.224729044
14,3,7,0.574202176,-0.027955501
14,3,8,0.596346521,-0.018824909
15,3,2,0.456015451,-0.076686445
15,3,3,0.097976825,-0.224313516
15,3,4,0,-0.26471148
15,3,1,0.182263273,-0.18956039
15,3,9,0.27474006,-0.15143021
15,3,6,0.782832553,0.058067317
15,3,5,0.045626711,-0.2458986
15,3,7,0.54711501,-0.039124126
15,3,8,0.589444526,-0.02167075
16,3,2,0.452942639,-0.077953432
16,3,3,0.191828625,-0.185616388
16,3,4,0.115378546,-0.21713841
16,3,1,0.384218197,-0.106290006
16,3,9,0.322524576,-0.131727621
16,3,6,0.870852206,0.094359724
16,3,5,0.13447805,-0.209263271
16,3,7,0.500291633,-0.058430417
16,3,8,0.663224279,0.008750238
17,3,2,0.615475401,-0.010937658
17,3,3,0.438572303,-0.083878632
17,3,4,0.503251312,-0.057210077
17,3,1,0.550449827,-0.037749109
17,3,9,0.660610005,0.007672316
17,3,6,0.756369156,0.047155886
17,3,5,0.672182834,0.012444044
17,3,7,0.596880758,-0.018604631
17,3,8,0.631721622,-0.004238989
18,3,2,0.691611097,0.020454737
18,3,3,0.723376788,0.033552418
18,3,4,0.633676805,-0.003432825
18,3,1,0.908389466,0.109837148
18,3,9,0.734783702,0.038255736
18,3,6,0.765598874,0.050961498
18,3,5,0.694540725,0.021662686
18,3,7,0.651227628,0.003803759
18,3,8,0.735321291,0.038477396
19,3,2,0.543579363,-0.040581949
19,3,3,0.55657399,-0.035223984
19,3,4,0.572984904,-0.028457409
19,3,1,0.514197745,-0.052696626
19,3,9,0.548683147,-0.038477549
19,3,6,0.725526936,0.034438971
19,3,5,0.507578639,-0.055425827
19,3,7,0.601866482,-0.016548909
19,3,8,0.57868644,-0.026106542
20,3,2,0.438020742,-0.084106053
20,3,3,0.426172468,-0.088991352
20,3,4,0.311991124,-0.136070791
20,3,1,0.487059335,-0.06388638
20,3,9,0.444720255,-0.081343698
20,3,6,0.71334661,0.029416759
20,3,5,0.357723613,-0.117214296
20,3,7,0.58008267,-0.025530846
20,3,8,0.56462969,-0.031902444
21,3,2,0.790075804,0.061053866
21,3,3,0.702048188,0.024758175
21,3,4,0.709447055,0.027808888
21,3,1,0.835367636,0.079728668
21,3,9,0.578410309,-0.026220397
21,3,6,0.756109146,0.047048678
21,3,5,0.676487436,0.014218925
21,3,7,0.641426242,-0.000237565
21,3,8,0.674506332,0.013402072
22,3,2,0.417815645,-0.092437051
22,3,3,0.584541548,-0.023692354
22,3,4,0.303154145,-0.139714468
22,3,1,0.712101028,0.028903179
22,3,9,0.779399897,0.056651959
22,3,6,0.706197964,0.026469218
22,3,5,0.459723789,-0.075157417
22,3,7,0.548590891,-0.038515588
22,3,8,0.550373735,-0.037780483
23,3,2,0.135576017,-0.208810556
23,3,3,0.528617286,-0.046751137
23,3,4,0.067278552,-0.236971078
23,3,1,0.439166209,-0.083633752
23,3,9,0.434132166,-0.085709396
23,3,6,0.706783008,0.026710444
23,3,5,0.125768318,-0.212854482
23,3,7,0.547239399,-0.039072838
23,3,8,0.520397314,-0.05014041
24,3,2,0.541316857,-0.04151483
24,3,3,0.532067673,-0.045328468
24,3,4,0.343292246,-0.123164661
24,3,1,0.569084717,-0.03006554
24,3,9,0.462064793,-0.07419217
24,3,6,0.80976074,0.069170391
24,3,5,0.370706146,-0.111861317
24,3,7,0.596513577,-0.018756028
24,3,8,0.639924918,-0.000856593
25,3,2,0.504656875,-0.056630533
25,3,3,0.547042713,-0.039153935
25,3,4,0.335655723,-0.126313364
25,3,1,0.55453738,-0.036063722
25,3,9,0.803398494,0.066547099
25,3,6,0.803526604,0.066599922
25,3,5,0.393193973,-0.102589099
25,3,7,0.585040459,-0.023486643
25,3,8,0.61699771,-0.010309976
26,3,2,0.124564109,-0.213351004
26,3,3,0.111018116,-0.218936309
26,3,4,0.046114162,-0.245697614
26,3,1,0.249997238,-0.161632211
26,3,9,0.428453572,-0.088050804
26,3,6,0.703029378,0.025162741
26,3,5,0.156530268,-0.200170664
26,3,7,0.465830917,-0.072639316
26,3,8,0.56515535,-0.031685703
27,3,2,0.357955915,-0.117118513
27,3,3,0.466641547,-0.072305076
27,3,4,0.125836073,-0.212826545
27,3,1,0.292315598,-0.144183435
27,3,9,0.53291951,-0.044977237
27,3,6,0.788431564,0.06037591
27,3,5,0.225817589,-0.171602003
27,3,7,0.565688409,-0.031465911
27,3,8,0.573784247,-0.028127822
28,3,2,0.727716329,0.035341705
28,3,3,0.824003241,0.075042882
28,3,4,0.547041703,-0.039154352
28,3,1,0.844416905,0.083459878
28,3,9,0.645220435,0.001326863
28,3,6,0.72080372,0.032491487
28,3,5,0.592690521,-0.020332357
28,3,7,0.640205957,-0.000740714
28,3,8,0.596840632,-0.018621176
29,3,2,0.756632358,0.04726441
29,3,3,0.951481853,0.127605072
29,3,4,0.564838513,-0.031816342
29,3,1,0.896153518,0.104792002
29,3,9,0.690610732,0.020042265
29,3,6,0.71588791,0.030464592
29,3,5,0.581956695,-0.024758145
29,3,7,0.5379182,-0.04291617
29,3,8,0.636983955,-0.002069215
30,3,2,0.76309873,0.049930635
30,3,3,0.741574691,0.041055807
30,3,4,0.248044409,-0.162437404
30,3,1,0.74533302,0.042605448
30,3,9,0.477297426,-0.067911426
30,3,6,0.739095146,0.040033437
30,3,5,0.415103809,-0.0935552
30,3,7,0.563610115,-0.032322837
30,3,8,0.604695647,-0.015382383
31,3,2,0.347861743,-0.121280558
31,3,3,0.488681649,-0.063217465
31,3,4,0.21874476,-0.174518284
31,3,1,0.422422136,-0.090537695
31,3,9,0.452863789,-0.077985943
31,3,6,0.676191643,0.014096963
31,3,5,0.197698814,-0.183195983
31,3,7,0.547959023,-0.038776121
31,3,8,0.631500135,-0.004330313
32,3,2,0.610646516,-0.012928711
32,3,3,0.691024647,0.020212931
32,3,4,0.217093824,-0.175199
32,3,1,0.492935497,-0.061463511
32,3,9,0.588088503,-0.022229868
32,3,6,0.613799207,-0.011628789
32,3,5,0.394338589,-0.102117149
32,3,7,0.525222819,-0.04815075
32,3,8,0.692123721,0.020666103
33,3,2,0.19402888,-0.184709176
33,3,3,0.384443432,-0.106197137
33,3,4,0.185719556,-0.18813529
33,3,1,0.274263259,-0.151626805
33,3,9,0.479901349,-0.066837772
33,3,6,0.667330233,0.010443211
33,3,5,0.246226431,-0.163186996
33,3,7,0.54043383,-0.041878921
33,3,8,0.550746975,-0.037626588
34,3,2,0.797755557,0.064220394
34,3,3,0.759628404,0.048499744
34,3,4,0.782172884,0.057795321
34,3,1,0.797517907,0.064122406
34,3,9,0.651002226,0.003710821
34,3,6,0.661102897,0.007875546
34,3,5,0.685379198,0.01788519
34,3,7,0.622969936,-0.007847499
34,3,8,0.584873223,-0.023555598
35,3,2,0.195106393,-0.184264894
35,3,3,0.218499774,-0.174619297
35,3,4,0.048599626,-0.244672803
35,3,1,0.447490424,-0.080201498
35,3,9,0.525160579,-0.048176412
35,3,6,0.591997392,-0.020618148
35,3,5,0.203001666,-0.181009502
35,3,7,0.515533015,-0.052146066
35,3,8,0.518137796,-0.051072058
36,3,2,0.578317433,-0.026258692
36,3,3,0.579226742,-0.025883764
36,3,4,0.455983804,-0.076699493
36,3,1,0.578730376,-0.026088426
36,3,9,0.531517374,-0.045555368
36,3,6,0.776573551,0.055486595
36,3,5,0.439255156,-0.083597077
36,3,7,0.61165217,-0.012514058
36,3,8,0.6645778,0.009308324
37,3,2,0.710010121,0.028041053
37,3,3,0.686179005,0.018214968
37,3,4,0.500682862,-0.058269105
37,3,1,0.825230692,0.075548987
37,3,9,0.612171869,-0.012299775
37,3,6,0.785846624,0.059310083
37,3,5,0.556234197,-0.035364088
37,3,7,0.540090641,-0.042020425
37,3,8,0.624686857,-0.007139575
38,3,2,0.761859909,0.049419842
38,3,3,0.755448963,0.04677647
38,3,4,0.493981267,-0.061032317
38,3,1,0.845398568,0.083864638
38,3,9,0.659702778,0.007298247
38,3,6,0.727172534,0.035117487
38,3,5,0.509466844,-0.054647279
38,3,7,0.578766089,-0.026073701
38,3,8,0.629451982,-0.005174811
39,3,2,0.31110555,-0.136435932
39,3,3,0.405272166,-0.097608999
39,3,4,0.291126414,-0.144673762
39,3,1,0.419000734,-0.091948413
39,3,9,0.580396847,-0.025401304
39,3,6,0.623902921,-0.007462809
39,3,5,0.20504923,-0.180165247
39,3,7,0.593249825,-0.020101744
39,3,8,0.536772608,-0.043388522
40,3,2,0.308367299,-0.137564972
40,3,3,0.336541945,-0.125947956
40,3,4,0.356394418,-0.117762352
40,3,1,0.196845628,-0.18354777
40,3,9,0.480831972,-0.066454056
40,3,6,0.701655563,0.024596287
40,3,5,0.19434247,-0.184579876
40,3,7,0.588838142,-0.021920776
40,3,8,0.592690723,-0.020332273
41,3,2,0.750244874,0.044630712
41,3,3,0.688512507,0.019177121
41,3,4,0.646920763,0.002027946
41,3,1,0.797054379,0.063931283
41,3,9,0.603248411,-0.01597911
41,3,6,0.713914015,0.029650712
41,3,5,0.691785336,0.020526579
41,3,7,0.680482847,0.015866319
41,3,8,0.706053146,0.026409506
42,3,2,0.66635502,0.01004111
42,3,3,0.48846718,-0.063305895
42,3,4,0.40386222,-0.09819035
42,3,1,0.493774508,-0.061117569
42,3,9,0.551649467,-0.037254471
42,3,6,0.864122813,0.091585049
42,3,5,0.363501457,-0.114831966
42,3,7,0.552885566,-0.036744801
42,3,8,0.672000794,0.012368985
43,3,2,0.371251338,-0.111636522
43,3,3,0.595226598,-0.019286677
43,3,4,0.277187179,-0.15042121
43,3,1,0.399798296,-0.099865994
43,3,9,0.552715234,-0.036815032
43,3,6,0.616114961,-0.010673953
43,3,5,0.318554674,-0.133364497
43,3,7,0.565820839,-0.031411308
43,3,8,0.579111517,-0.025931274
44,3,2,0.499379886,-0.05880635
44,3,3,0.544895542,-0.040039261
44,3,4,0.404998135,-0.097721988
44,3,1,0.394980099,-0.101852641
44,3,9,0.580745826,-0.025257413
44,3,6,0.65796602,0.006582144
44,3,5,0.366467665,-0.113608934
44,3,7,0.560022756,-0.033801983
44,3,8,0.605361243,-0.015107944
45,3,2,0.350210555,-0.120312092
45,3,3,0.531970659,-0.045368469
45,3,4,0.339841749,-0.124587375
45,3,1,0.544382954,-0.040250611
45,3,9,0.458156983,-0.075803445
45,3,6,0.674523472,0.013409139
45,3,5,0.225187407,-0.171861841
45,3,7,0.603747149,-0.015773469
45,3,8,0.565263348,-0.031641173
46,3,2,0.746353583,0.043026248
46,3,3,0.690300411,0.019914313
46,3,4,0.536290441,-0.04358733
46,3,1,0.6562778,0.005886054
46,3,9,0.69110025,0.020244104
46,3,6,0.668972038,0.011120163
46,3,5,0.565733911,-0.03144715
46,3,7,0.538465585,-0.042690471
46,3,8,0.59475205,-0.019482343
47,3,2,0.222233861,-0.173079652
47,3,3,0.416816196,-0.092849145
47,3,4,0.281927921,-0.148466499
47,3,1,0.283467748,-0.147831596
47,3,9,0.514444615,-0.052594836
47,3,6,0.767296729,0.05166156
47,3,5,0.167557459,-0.195623915
47,3,7,0.55812357,-0.034585058
47,3,8,0.626044705,-0.006579705
48,3,2,0.593884387,-0.0198401
48,3,3,0.621700261,-0.008371013
48,3,4,0.517143465,-0.051482042
48,3,1,0.689233222,0.019474288
48,3,9,0.697222554,0.022768462
48,3,6,0.715649551,0.030366311
48,3,5,0.626115351,-0.006550576
48,3,7,0.636644939,-0.002208999
48,3,8,0.63096949,-0.004549109
49,3,2,0.745755194,0.04277952
49,3,3,0.707505847,0.027008486
49,3,4,0.576549196,-0.026987774
49,3,1,0.769802235,0.052694635
49,3,9,0.700136732,0.023970041
49,3,6,0.708465955,0.02740436
49,3,5,0.547184036,-0.039095665
49,3,7,0.56281554,-0.032650458
49,3,8,0.565061973,-0.031724205
50,3,2,0.415935549,-0.093212255
50,3,3,0.370493944,-0.111948812
50,3,4,0.32296807,-0.131544758
50,3,1,0.317920505,-0.133625978
50,3,9,0.452892007,-0.077974308
50,3,6,0.606884468,-0.014479885
50,3,5,0.255356593,-0.159422433
50,3,7,0.634490292,-0.003097406
50,3,8,0.658402793,0.006762235
1,4,2,0.339321179,0.016179916
1,4,3,0.535107502,0.06337005
1,4,4,0.253127658,-0.004595201
1,4,1,0.477637191,0.049518052
1,4,9,0.397464758,0.030194191
1,4,6,0.134389043,-0.033214621
1,4,5,0.224871979,-0.011405632
1,4,7,0.287405797,0.003666816
1,4,8,0.143224589,-0.031085001
2,4,2,0.44593167,0.04187611
2,4,3,0.681726361,0.098709411
2,4,4,0.149083646,-0.0296728
2,4,1,0.579817312,0.0741464
2,4,9,0.685536451,0.099627752
2,4,6,0.262877434,-0.002245225
2,4,5,0.202771453,-0.016732494
2,4,7,0.242427129,-0.007174336
2,4,8,0.259201531,-0.003131223
3,4,2,0.081200902,-0.046034493
3,4,3,0.379319256,0.025820603
3,4,4,0.4454997,0.041771993
3,4,1,0.734452329,0.111417885
3,4,9,0.548668276,0.066638586
3,4,6,0.334734926,0.015074497
3,4,5,0.417729521,0.035078581
3,4,7,0.284889718,0.003060369
3,4,8,0.260347338,-0.00285505
4,4,2,0.308596954,0.008774495
4,4,3,0.413035338,0.033947148
4,4,4,0.310977348,0.009348238
4,4,1,0.452504569,0.043460368
4,4,9,0.304130873,0.007698041
4,4,6,0.273919581,0.00041625
4,4,5,0.36443732,0.022233628
4,4,7,0.294646902,0.005412131
4,4,8,0.276571044,0.001055329
5,4,2,0.324141267,0.012521121
5,4,3,0.57170686,0.072191548
5,4,4,0.381443528,0.026332614
5,4,1,0.816793851,0.13126456
5,4,9,0.369533284,0.023461902
5,4,6,0.271810177,-9.22E-05
5,4,5,0.419576128,0.035523667
5,4,7,0.209556826,-0.015097024
5,4,8,0.174980045,-0.023431023
6,4,2,0.253857159,-0.00441937
6,4,3,0.162817705,-0.026362496
6,4,4,0.096843694,-0.04226413
6,4,1,0.437328076,0.039802397
6,4,9,0.396762083,0.030024826
6,4,6,0.604696656,0.080143037
6,4,5,0,-0.065606245
6,4,7,0.260422474,-0.00283694
6,4,8,0.188249254,-0.020232762
7,4,2,0.506239355,0.056411996
7,4,3,0.497331497,0.054264947
7,4,4,0.477351069,0.049449089
7,4,1,1,0.17542251
7,4,9,0.5569304,0.068629996
7,4,6,0.444738126,0.041588432
7,4,5,0.311997108,0.009594029
7,4,7,0.314385289,0.01016965
7,4,8,0.080780485,-0.046135825
8,4,2,0.522824235,0.060409429
8,4,3,0.386417834,0.027531564
8,4,4,0.611884847,0.081875598
8,4,1,0.990134486,0.173044637
8,4,9,0.53769505,0.063993723
8,4,6,0.544588099,0.065655146
8,4,5,0.405102902,0.032035203
8,4,7,0.174127948,-0.023636403
8,4,8,0.245033503,-0.006546125
9,4,2,0.139246345,-0.032043872
9,4,3,0.382294943,0.026537829
9,4,4,0.374688045,0.024704348
9,4,1,0.448212915,0.042425956
9,4,9,0.445793037,0.041842696
9,4,6,0.482627393,0.050720835
9,4,5,0.02361687,-0.0599139
9,4,7,0.248918228,-0.005609795
9,4,8,0.212260531,-0.014445354
10,4,2,0.333728323,0.014831877
10,4,3,0.317398792,0.010895991
10,4,4,0.408492674,0.032852235
10,4,1,0.529624051,0.062048381
10,4,9,0.473606839,0.048546622
10,4,6,0.362520511,0.021771622
10,4,5,0.297724626,0.006153951
10,4,7,0.320520758,0.011648474
10,4,8,0.283578054,0.00274422
11,4,2,0.41406629,0.034195637
11,4,3,0.459853968,0.045231784
11,4,4,0.371798319,0.024007841
11,4,1,0.411392972,0.033551291
11,4,9,0.394591267,0.029501597
11,4,6,0.439571877,0.040343217
11,4,5,0.438093505,0.039986887
11,4,7,0.259073412,-0.003162103
11,4,8,0.112152579,-0.038574249
12,4,2,0.19118487,-0.019525194
12,4,3,0.533077631,0.062880793
12,4,4,0.17552473,-0.023299738
12,4,1,0.441613967,0.04083542
12,4,9,0.50108503,0.055169656
12,4,6,0.270884514,-0.000315288
12,4,5,0.201734426,-0.016982448
12,4,7,0.291606219,0.004679239
12,4,8,0.188723111,-0.020118549
13,4,2,0.296964041,0.005970628
13,4,3,0.423146267,0.036384173
13,4,4,0.476803963,0.04931722
13,4,1,0.652898247,0.091761007
13,4,9,0.294484556,0.005373001
13,4,6,0.270334582,-0.000447837
13,4,5,0.376960373,0.025252044
13,4,7,0.27536821,0.000765412
13,4,8,0.30785865,0.008596542
14,4,2,0.499153903,0.054704199
14,4,3,0.402639001,0.031441332
14,4,4,0.361793815,0.021596468
14,4,1,0.493422011,0.053322648
14,4,9,0.620386067,0.083924636
14,4,6,0.241619686,-0.007368953
14,4,5,0.27214052,-1.26E-05
14,4,7,0.209186016,-0.0151864
14,4,8,0.253026407,-0.004619605
15,4,2,0.753153007,0.115925287
15,4,3,0.855696707,0.140641267
15,4,4,0.541186932,0.064835367
15,4,1,0.940764979,0.161145166
15,4,9,0.540414264,0.064649132
15,4,6,0.342595139,0.016969035
15,4,5,0.224438644,-0.011510078
15,4,7,0.325722765,0.012902307
15,4,8,0.361277285,0.021471969
16,4,2,0.474912213,0.048861254
16,4,3,0.386191997,0.027477131
16,4,4,0.229249424,-0.010350542
16,4,1,0.625095406,0.085059722
16,4,9,0.372737296,0.024234161
16,4,6,0.327571486,0.013347902
16,4,5,0.103073637,-0.040762535
16,4,7,0.179587956,-0.022320384
16,4,8,0.250517704,-0.005224275
17,4,2,0.312942374,0.009821866
17,4,3,0.512743478,0.057979677
17,4,4,0.171509922,-0.024267422
17,4,1,0.660396551,0.093568313
17,4,9,0.391051765,0.028648475
17,4,6,0.506421997,0.056456018
17,4,5,0.013375999,-0.062382245
17,4,7,0.280374078,0.00197197
17,4,8,0.176337568,-0.023103821
18,4,2,0.515691663,0.058690274
18,4,3,0.746912786,0.114421214
18,4,4,0.482176176,0.050612078
18,4,1,0.818980646,0.13179164
18,4,9,0.495864702,0.053911407
18,4,6,0.430624698,0.03818669
18,4,5,0.210946945,-0.014761966
18,4,7,0.512175311,0.057842732
18,4,8,0.311074497,0.009371654
19,4,2,0.45235713,0.043424831
19,4,3,0.424034165,0.036598182
19,4,4,0.352219026,0.019288668
19,4,1,0.710053298,0.105537017
19,4,9,0.465508101,0.046594593
19,4,6,0.270953443,-0.000298674
19,4,5,0.201829049,-0.016959641
19,4,7,0.322697586,0.012173152
19,4,8,0.306394194,0.008243566
20,4,2,0.326025418,0.012975255
20,4,3,0.437849107,0.03992798
20,4,4,0.259070603,-0.00316278
20,4,1,0.62812999,0.085791145
20,4,9,0.437280359,0.039790895
20,4,6,0.342239747,0.016883375
20,4,5,0.19914608,-0.017606313
20,4,7,0.220484417,-0.012463161
20,4,8,0.337298394,0.015692367
21,4,2,0.333790925,0.014846966
21,4,3,0.32740708,0.013308276
21,4,4,0.370812002,0.02377011
21,4,1,0.655181643,0.092311371
21,4,9,0.388859504,0.028120077
21,4,6,0.497440818,0.054291296
21,4,5,0.232516994,-0.009562963
21,4,7,0.345659467,0.017707626
21,4,8,0.280393516,0.001976655
22,4,2,0.308885934,0.008844147
22,4,3,0.432408596,0.03861666
22,4,4,0.160874793,-0.026830794
22,4,1,0.476897714,0.049339817
22,4,9,0.62788901,0.085733061
22,4,6,0.40717958,0.032535742
22,4,5,0.318906806,0.011259465
22,4,7,0.108233263,-0.039518917
22,4,8,0.102253632,-0.040960179
23,4,2,0.395767077,0.029785001
23,4,3,0.541275783,0.064856783
23,4,4,0.388304649,0.027986341
23,4,1,0.695788732,0.102098847
23,4,9,0.394842478,0.029562146
23,4,6,0.334661451,0.015056788
23,4,5,0.231055526,-0.009915219
23,4,7,0.259013849,-0.00317646
23,4,8,0.243600568,-0.006891503
24,4,2,0.148142228,-0.029899708
24,4,3,0.777286881,0.121742244
24,4,4,0.435661804,0.039400777
24,4,1,0.837826436,0.136334018
24,4,9,0.626912301,0.085497646
24,4,6,0.237946255,-0.008254355
24,4,5,0.269286237,-0.000700519
24,4,7,0.19274618,-0.019148873
24,4,8,0.176812886,-0.022989255
25,4,2,0.38609214,0.027453063
25,4,3,0.426364532,0.037159867
25,4,4,0.157705258,-0.027594743
25,4,1,0.403564194,0.03166433
25,4,9,0.530407682,0.062237258
25,4,6,0.203054173,-0.016664351
25,4,5,0.333493,0.014775157
25,4,7,0.397239389,0.03013987
25,4,8,0.221149554,-0.012302843
26,4,2,0.439551681,0.040338349
26,4,3,0.673141122,0.096640121
26,4,4,0.399622748,0.030714328
26,4,1,0.506530798,0.056482243
26,4,9,0.464646973,0.046387036
26,4,6,0.241422758,-0.007416418
26,4,5,0.208581509,-0.015332104
26,4,7,0.188397342,-0.020197068
26,4,8,0.422753641,0.036289539
27,4,2,0.190877595,-0.019599256
27,4,3,0.397630668,0.03023418
27,4,4,0.107969551,-0.039582479
27,4,1,0.336216795,0.01543167
27,4,9,0.49839832,0.054522082
27,4,6,0.126051994,-0.03522409
27,4,5,0.111557502,-0.038717679
27,4,7,0.145510103,-0.030534126
27,4,8,0.206661043,-0.015794991
28,4,2,0.363815978,0.022083867
28,4,3,0.482138251,0.050602937
28,4,4,0.25691681,-0.003681906
28,4,1,0.825773081,0.133428813
28,4,9,0.47525807,0.048944616
28,4,6,0.49704824,0.054196673
28,4,5,0.027812311,-0.058902679
28,4,7,0.312841019,0.009797436
28,4,8,0.127093631,-0.034973025
29,4,2,0.309264394,0.008935367
29,4,3,0.610919042,0.081642811
29,4,4,0.382344829,0.026549853
29,4,1,0.547314887,0.066312381
29,4,9,0.106785283,-0.039867921
29,4,6,0.221995766,-0.012098882
29,4,5,0.249409277,-0.005491438
29,4,7,0.322763411,0.012189018
29,4,8,0.223785485,-0.011667508
30,4,2,0.431093321,0.038299641
30,4,3,0.650192824,0.091108922
30,4,4,0.313895734,0.010051653
30,4,1,0.57882075,0.0739062
30,4,9,0.549334132,0.066799077
30,4,6,0.341784141,0.016773561
30,4,5,0.276441267,0.001024049
30,4,7,0.288342039,0.003892478
30,4,8,0.19417702,-0.018804
31,4,2,0.384412831,0.027048301
31,4,3,0.324919056,0.01270859
31,4,4,0.241417568,-0.007417669
31,4,1,0.455707975,0.044232481
31,4,9,0.289032996,0.004059018
31,4,6,0.231161555,-0.009889663
31,4,5,0.1616373,-0.026647008
31,4,7,0.216982775,-0.013307157
31,4,8,0.310489801,0.009230725
32,4,2,0.429329222,0.037874443
32,4,3,0.39058909,0.028536957
32,4,4,0.219864555,-0.012612565
32,4,1,0.451630641,0.043249726
32,4,9,0.35243003,0.019339526
32,4,6,0.236728843,-0.008547787
32,4,5,0.23467325,-0.009043244
32,4,7,0.202066267,-0.016902464
32,4,8,0.197177059,-0.018080904
33,4,2,0.356050028,0.02021205
33,4,3,0.425234444,0.036887484
33,4,4,0.266610954,-0.001345339
33,4,1,0.298609,0.00636711
33,4,9,0.440232786,0.040502515
33,4,6,0.281731968,0.00229926
33,4,5,0.224834078,-0.011414767
33,4,7,0.207811947,-0.01551759
33,4,8,0.195170395,-0.018564568
34,4,2,0.125423179,-0.035375652
34,4,3,0.53100461,0.062381135
34,4,4,0.260510605,-0.002815698
34,4,1,0.528251052,0.061717448
34,4,9,0.517054882,0.059018849
34,4,6,0.568094873,0.071320955
34,4,5,0.085829152,-0.044918952
34,4,7,0.164349773,-0.025993224
34,4,8,0.319669425,0.011443278
35,4,2,0.332754759,0.01459722
35,4,3,0.450820028,0.043054345
35,4,4,0.21407764,-0.014007378
35,4,1,0.591364287,0.076929553
35,4,9,0.487890244,0.051989333
35,4,6,0.244489275,-0.0066773
35,4,5,0.21814023,-0.013028177
35,4,7,0.389524997,0.02828048
35,4,8,0.252969834,-0.004633241
36,4,2,0.414729464,0.034355481
36,4,3,0.349275339,0.018579155
36,4,4,0.297344109,0.006062235
36,4,1,0.549350643,0.066803057
36,4,9,0.514426067,0.058385229
36,4,6,0.276143082,0.000952178
36,4,5,0.437666148,0.039883882
36,4,7,0.349395695,0.018608164
36,4,8,0.316554403,0.010692468
37,4,2,0.540594478,0.064692569
37,4,3,0.545784246,0.065943452
37,4,4,0.224360478,-0.011528918
37,4,1,0.571255706,0.072082807
37,4,9,0.471663853,0.048078306
37,4,6,0.25170679,-0.004937671
37,4,5,0.305170964,0.007948732
37,4,7,0.288187476,0.003855223
37,4,8,0.237491388,-0.008363991
38,4,2,0.4565642,0.044438856
38,4,3,0.331285441,0.014243072
38,4,4,0.339017052,0.016106613
38,4,1,0.500271671,0.054973613
38,4,9,0.289656379,0.004209271
38,4,6,0.210883215,-0.014777326
38,4,5,0.386871978,0.027641026
38,4,7,0.276586479,0.001059049
38,4,8,0.226803773,-0.010940014
39,4,2,0.544629383,0.065665097
39,4,3,0.335870783,0.015348272
39,4,4,0.271613245,-0.000139643
39,4,1,0.337646197,0.015776197
39,4,9,0.335881558,0.015350869
39,4,6,0.278124753,0.001429818
39,4,5,0.229646822,-0.010254758
39,4,7,0.178197923,-0.022655422
39,4,8,0.202455743,-0.016808589
40,4,2,0.453912702,0.043799768
40,4,3,0.47001687,0.047681336
40,4,4,0.319073567,0.011299659
40,4,1,0.584855345,0.07536071
40,4,9,0.382566881,0.026603374
40,4,6,0.25420007,-0.004336719
40,4,5,0.251593374,-0.004965007
40,4,7,0.372019991,0.02406127
40,4,8,0.483036878,0.050819532
41,4,2,0.293745229,0.005194802
41,4,3,0.489707041,0.052427233
41,4,4,0.296722239,0.005912347
41,4,1,0.476216545,0.049175636
41,4,9,0.247906206,-0.005853721
41,4,6,0.267686741,-0.001086043
41,4,5,0.405903731,0.032228226
41,4,7,0.188658565,-0.020134106
41,4,8,0.245991333,-0.006315261
42,4,2,0.36765401,0.023008943
42,4,3,0.232113552,-0.009660205
42,4,4,0.153726039,-0.028553849
42,4,1,0.154476813,-0.028372891
42,4,9,0.209322334,-0.015153544
42,4,6,0.174627438,-0.023516011
42,4,5,0.059799325,-0.051192888
42,4,7,0.285484109,0.003203634
42,4,8,0.201342698,-0.017076865
43,4,2,0.233204585,-0.009397234
43,4,3,0.4216935,0.036034014
43,4,4,0.126036185,-0.0352279
43,4,1,0.435095241,0.039264219
43,4,9,0.326315789,0.013045243
43,4,6,0.250277933,-0.005282066
43,4,5,0.327657055,0.013368527
43,4,7,0.331325927,0.014252831
43,4,8,0.201613061,-0.0170117
44,4,2,0.317679359,0.010963615
44,4,3,0.311894772,0.009569363
44,4,4,0.099180997,-0.041700773
44,4,1,0.189709185,-0.019880877
44,4,9,0.174406355,-0.023569298
44,4,6,0.294046727,0.005267471
44,4,5,0.218721019,-0.01288819
44,4,7,0.226795143,-0.010942094
44,4,8,0.232669508,-0.009526203
45,4,2,0.348528803,0.018399218
45,4,3,0.2844069,0.002943996
45,4,4,0.253342876,-0.004543327
45,4,1,0.62682058,0.085475539
45,4,9,0.515568502,0.058660589
45,4,6,0.158573937,-0.027385367
45,4,5,0.218441149,-0.012955647
45,4,7,0.194405607,-0.018748904
45,4,8,0.160025332,-0.027035539
46,4,2,0.438105807,0.039989852
46,4,3,0.521320603,0.060047011
46,4,4,0.223534982,-0.011727887
46,4,1,0.496481806,0.054060147
46,4,9,0.469584451,0.047577111
46,4,6,0.207954359,-0.015483265
46,4,5,0.416214523,0.034713423
46,4,7,0.26515125,-0.00169717
46,4,8,0.151639127,-0.029056855
47,4,2,0.1965856,-0.018223463
47,4,3,0.571396998,0.072116862
47,4,4,0.306144576,0.008183401
47,4,1,0.433741126,0.038937839
47,4,9,0.501482076,0.055265355
47,4,6,0.225259832,-0.011312148
47,4,5,0.185796953,-0.020823837
47,4,7,0.216945485,-0.013316145
47,4,8,0.172904768,-0.023931224
48,4,2,0.327121301,0.013239395
48,4,3,0.543210852,0.06532319
48,4,4,0.264144308,-0.001939871
48,4,1,0.440436053,0.040551508
48,4,9,0.3876945,0.027839278
48,4,6,0.233582141,-0.009306233
48,4,5,0.288141436,0.003844127
48,4,7,0.339481719,0.016218611
48,4,8,0.303249395,0.007485579
49,4,2,0.298423939,0.006322505
49,4,3,0.4034818,0.031644471
49,4,4,0.507392675,0.05668998
49,4,1,0.322749867,0.012185754
49,4,9,0.172517458,-0.024024577
49,4,6,0.2483057,-0.005757431
49,4,5,0.225516734,-0.011250227
49,4,7,0.337235297,0.015677159
49,4,8,0.156723128,-0.027831465
50,4,2,0.397051795,0.030094655
50,4,3,0.386890157,0.027645408
50,4,4,0.23853034,-0.008113574
50,4,1,0.402841857,0.031490226
50,4,9,0.343385591,0.017159556
50,4,6,0.185466884,-0.020903393
50,4,5,0.384677708,0.027112144
50,4,7,0.268057217,-0.000996748
50,4,8,0.300783735,0.006891284
